"gene_name","isoform_id","IF1","IF2","dIF","isoform_switch_q_value","gene_switch_q_value","gene_value_1","gene_value_2","iso_value_1","iso_value_2"
"AR","ENST00000374690.9",0.747972131147541,0.739905405405405,-0.00806672574213563,0.999634461398582,0.999634461398582,34.660551768085,35.6955730340603,25.7355609861292,25.9599987777159
"AR","ENST00000396043.4",0.0250065573770492,0.0305540540540541,0.00554749667700487,0.999634461398582,0.999634461398582,34.660551768085,35.6955730340603,0.98563975043382,1.43735844570003
"AR","ENST00000504326.5",0.0864885245901639,0.0664189189189189,-0.020069605671245,0.999634461398582,0.999634461398582,34.660551768085,35.6955730340603,3.02093214495706,2.44284768941199
"AR","ENST00000513847.5",0.0409131147540984,0.0374324324324324,-0.00348068232166593,0.999634461398582,0.999634461398582,34.660551768085,35.6955730340603,1.73550964862936,1.0602442891912
"AR","ENST00000514029.5",0.0279475409836066,0.0280675675675676,0.00012002658396101,0.999634461398582,0.999634461398582,34.660551768085,35.6955730340603,0.95365047671027,0.92445898055456
"AR","ENST00000612452.5",0.0472295081967213,0.0654324324324324,0.0182029242357111,0.999634461398582,0.999634461398582,34.660551768085,35.6955730340603,1.36108011746095,2.58607839304277
"AR","ENST00000613054.2",0.0096327868852459,0.0189108108108108,0.00927802392556491,0.999634461398582,0.999634461398582,34.660551768085,35.6955730340603,0.313049630154083,0.976854741227475
